Date,rolling_correlation
2020-03-01,0.08044531491973987
2020-03-02,0.013246423881277716
2020-03-03,0.09984653323216439
2020-03-04,0.08592830426288625
2020-03-05,0.07222240436088034
2020-03-06,-0.054692561345371815
2020-03-07,-0.056123219113893855
2020-03-08,-0.06656340013458302
2020-03-09,-0.059740829012277036
2020-03-10,-0.0701591875857194
2020-03-11,-0.06295050673753007
2020-03-12,0.30964758782932733
2020-03-13,0.26522501667854204
2020-03-14,0.2508719107181407
2020-03-15,0.2517215787773025
2020-03-16,0.2927942682655264
2020-03-17,0.28217130760763187
2020-03-18,0.028031157796087572
2020-03-20,0.027474993257046526
2020-03-21,0.02746447421683852
2020-03-22,0.02416397848478469
2020-03-23,0.034110192534532346
2020-03-24,0.03390451316839548
2020-03-25,0.02914516244826171
2020-03-26,0.03276138862068686
2020-03-27,0.035814585303244814
2020-03-28,0.03450307343609476
2020-03-29,0.031954182873537504
2020-03-31,0.03543223918570643
2020-04-01,0.039816612059653256
2020-04-02,0.041740301339705244
2020-04-03,0.041038439716359475
2020-04-04,0.04094528984511314
2020-04-05,0.040523845074585264
2020-04-06,0.04480310601721968
2020-04-07,0.0384243157878494
2020-04-08,0.04434243231251932
2020-04-09,0.04360178919793173
2020-04-10,0.04230034422851487
2020-04-11,0.0419804944033893
2020-04-12,0.04254730841025045
2020-04-13,0.041553091398194096
2020-04-14,0.03936108089122256
2020-04-15,0.0403336182561117
2020-04-16,0.03920644990119412
2020-04-17,0.040409374267071356
2020-04-18,0.04193565776445846
2020-04-19,0.04099407150872059
2020-04-20,0.04401421415408022
2020-04-21,0.04731941868374409
2020-04-22,0.047192494307266186
2020-04-23,0.047100116378504586
2020-04-24,0.048421659599173855
2020-04-25,0.04828464106443737
2020-04-26,0.04896963185239783
2020-04-27,0.05005206617239235
2020-04-28,0.05173838573718869
2020-04-29,0.05475383651569552
2020-04-30,0.054069791048049015
2020-05-01,0.05551030476328997
2020-05-02,0.05566661194823441
2020-05-03,0.0560146528036811
2020-05-04,0.05492203645079387
2020-05-05,0.05524987513164117
2020-05-06,0.055952048724921835
2020-05-07,0.06176068757594961
2020-05-08,0.06209377197725042
2020-05-09,0.06592108333809045
2020-05-10,0.06450705056402367
2020-05-11,0.06419674667415702
2020-05-12,0.06535872536986059
2020-05-13,0.026891013702966347
2020-05-14,0.03775378122771166
2020-05-15,0.03955040339700296
2020-05-16,0.03966602815497622
2020-05-17,0.021877705367608823
2020-05-18,0.023988992286626185
2020-05-19,0.061962532569477924
2020-05-20,0.07013526035503265
2020-05-21,0.07848881793196007
2020-05-22,0.07277833887043547
2020-05-23,0.05561094534868338
2020-05-24,0.06672486424005417
2020-05-25,0.10154239834091816
2020-05-26,0.09544848420716003
2020-05-27,0.06250504547291945
2020-05-28,0.05860570658389918
2020-05-29,0.056360653160243156
2020-05-30,0.06462530614993368
2020-05-31,0.06726835023577603
2020-06-01,0.06326552428910454
2020-06-02,0.046679526916759126
2020-06-03,0.04738626538428814
2020-06-04,0.04795738708302888
2020-06-05,0.044104220815423825
2020-06-06,0.1392960633915968
2020-06-07,0.09782792489484403
2020-06-08,0.10749955406807904
2020-06-09,0.10826098885664424
2020-06-10,0.10849196761397628
2020-06-11,0.1255192399944877
2020-06-12,0.11873223429922367
2020-06-13,0.12325867077156295
2020-06-14,0.08043896667695466
2020-06-15,0.11011968531659781
2020-06-16,0.10944942070083075
2020-06-17,0.11588174177355415
2020-06-18,0.11905523016800869
2020-06-19,0.002306356508315564
2020-06-20,0.007643861723391557
2020-06-21,0.031531760888163424
2020-06-22,0.01998787353556928
2020-06-23,0.01091648231303709
2020-06-24,0.024190733547615157
2020-06-25,0.029099516786292235
2020-06-26,0.025283114304965736
2020-06-27,0.030105369306687182
2020-06-28,-0.004862140450124253
2020-06-29,-0.013542358896122406
2020-06-30,-0.025737453697695204
2020-07-01,-0.032460478877866766
2020-07-02,-0.034801109368887785
2020-07-03,-0.03855070186315322
2020-07-04,-0.02828241644583212
2020-07-05,-0.031036106055393014
2020-07-06,-0.008350117353659465
2020-07-07,-0.017364068558513957
2020-07-08,-0.0287345789846014
2020-07-09,-0.019695822915705152
2020-07-10,0.0014823851376423991
2020-07-11,-0.022067971407561743
2020-07-12,0.012750867771078566
2020-07-13,0.02366286138961317
2020-07-14,0.01296121418740208
2020-07-15,0.021752490553609838
2020-07-16,0.06559205722083891
2020-07-17,0.0586114869004398
2020-07-18,0.06912796252004337
2020-07-19,0.06987084706804085
2020-07-20,0.03215718042179792
2020-07-21,0.04963303917491167
2020-07-22,-0.017206017127106295
2020-07-23,-0.003116057066180444
2020-07-24,-0.008813387966195602
2020-07-25,0.009826360652740973
2020-07-26,-0.02860313719091143
2020-07-27,-0.057164698951666364
2020-07-28,-0.08117203684344818
2020-07-29,-0.08766029865640844
2020-07-30,-0.10856926414741684
2020-07-31,-0.12195778529441277
2020-08-01,-0.04178186524342691
2020-08-02,-0.05243699655846128
2020-08-03,-0.07313205720398076
2020-08-04,-0.058278392093965445
2020-08-05,-0.04441466858720458
2020-08-06,-0.02780636323708463
2020-08-07,-0.029690870949326625
2020-08-08,-0.016502064021021143
2020-08-09,-0.018216870280249972
2020-08-10,-0.06795578489527239
2020-08-11,-0.12380272340395053
2020-08-12,-0.1219920076174491
2020-08-13,-0.18193603901776398
2020-08-14,-0.17436578344114978
2020-08-15,-0.17948516267161194
2020-08-16,-0.17535450092294885
2020-08-17,-0.20142250853564866
2020-08-18,-0.21674995929164284
2020-08-19,-0.1913082451895614
2020-08-20,-0.19694281278350453
2020-08-21,-0.19128167312993857
2020-08-22,-0.19049514303819734
2020-08-23,-0.20463553509045035
2020-08-24,-0.2165712024977912
2020-08-25,-0.26276907378138326
2020-08-26,-0.2634532648362084
2020-08-27,-0.2664832256622946
2020-08-28,-0.2644954781875039
2020-08-29,-0.2573402069497148
2020-08-30,-0.24644491073913188
2020-08-31,-0.24317521293157157
2020-09-01,-0.19714341258069065
2020-09-02,-0.19032859324358695
2020-09-03,-0.17529667675882893
2020-09-04,-0.16659956464623007
2020-09-05,-0.14787768576990484
2020-09-06,-0.14116674643170127
2020-09-07,-0.15562837025069573
2020-09-08,-0.17029669232824002
2020-09-09,-0.17445709583252614
2020-09-10,-0.1773858357176331
2020-09-11,-0.17351219798846276
2020-09-12,-0.17228233469050672
2020-09-13,-0.1778088887156644
2020-09-14,-0.23538421888916872
2020-09-15,-0.23299501955566032
2020-09-16,-0.23303806839758062
2020-09-17,-0.26705307407921164
2020-09-18,-0.2638575171672719
2020-09-19,-0.27549148566635256
2020-09-20,-0.2495013552826874
2020-09-21,-0.23527914709470024
2020-09-22,-0.22459503241339684
2020-09-23,-0.2275738649614984
2020-09-24,-0.19325458409704538
2020-09-25,-0.18511853576668
2020-09-26,-0.17985652937446733
2020-09-27,-0.18685347959645277
2020-09-28,-0.17049602231035302
2020-09-29,-0.1684303922046497
2020-09-30,-0.17552185252587205
2020-10-01,-0.1730457284127083
2020-10-02,-0.16026052550176403
2020-10-03,-0.18349126354262696
2020-10-04,-0.19904527894515767
2020-10-05,-0.2119105996436331
2020-10-06,-0.22064104225232847
2020-10-07,-0.22197105615198973
2020-10-08,-0.22131473797714968
2020-10-09,-0.19956699446284354
2020-10-10,-0.17338385965661793
2020-10-11,-0.17398929320404938
2020-10-12,-0.11143977470476485
2020-10-13,-0.11113570624660854
2020-10-14,-0.11012279300979373
2020-10-15,-0.10734531381719749
2020-10-16,-0.09566625922540745
2020-10-17,-0.09113411370546666
2020-10-18,-0.11154105203823404
2020-10-19,-0.09606587696620471
2020-10-20,-0.11124771665345072
2020-10-21,-0.14014126916507344
2020-10-22,-0.16469095359966915
2020-10-23,-0.15061208679903387
2020-10-24,-0.09253399740672646
2020-10-25,-0.09192567290190619
2020-10-26,-0.07741782811424568
2020-10-27,-0.04359521410388605
2020-10-28,-0.04375551913525646
2020-10-29,-0.04142103412185248
2020-10-30,-0.04200591288985639
2020-10-31,-0.0949006889980656
2020-11-01,-0.09409304216551204
2020-11-02,-0.09944915198505762
2020-11-03,-0.08834492667908521
2020-11-04,-0.1273739847940106
2020-11-05,-0.12208266023865197
2020-11-06,-0.13535020917502283
2020-11-07,-0.11058603309788269
2020-11-08,-0.09928358045634429
2020-11-09,-0.10818680872672681
2020-11-10,-0.1057392431950799
2020-11-11,-0.10599796979753413
2020-11-12,-0.10075847334159838
2020-11-13,-0.09852482195246735
2020-11-14,-0.09857541613343943
2020-11-15,-0.09891776670448536
2020-11-16,-0.019249213424080716
2020-11-17,0.010180587392693414
2020-11-18,0.014274807103778642
2020-11-19,0.05951635310211956
2020-11-20,0.01012439503294978
2020-11-21,0.013724538739945537
2020-11-22,0.02102685041046144
2020-11-23,0.1217064695257933
2020-11-24,0.09401223284330389
2020-11-25,0.08956212534338799
2020-11-26,0.08114687008457623
2020-11-27,0.08403871717625312
2020-11-28,0.0860774007886736
2020-11-29,0.08541226977743098
2020-11-30,0.09240923486320542
2020-12-01,0.06812056655544525
2020-12-02,0.06292133325349446
2020-12-03,0.06298164547204031
2020-12-04,0.05890165688291238
2020-12-05,0.07261451066891886
2020-12-06,0.07274791422342439
2020-12-07,0.0838106338011912
2020-12-08,0.0808506085433976
2020-12-09,0.0863544175101173
2020-12-10,0.08472822635820278
2020-12-11,0.10408516379852036
2020-12-12,0.1116797122098729
2020-12-13,0.12068549094726554
2020-12-14,0.12268870458282626
2020-12-15,0.10305901951153383
2020-12-16,0.1314454205277295
2020-12-17,0.13078474390048003
2020-12-18,0.13091330309299082
2020-12-19,0.14672470812083596
2020-12-20,0.16514800132918803
2020-12-21,0.19057389289660728
2020-12-22,0.18778015947430518
2020-12-23,0.20142359857117945
2020-12-24,0.20098794932548308
2020-12-25,0.1942678248020421
2020-12-26,0.18700979095273135
2020-12-27,0.1877027694761005
2020-12-28,0.20274491868337707
2020-12-29,0.1902470613583446
2020-12-30,0.14637381582740602
2020-12-31,0.15572753514922213
2021-01-01,0.15734416117589986
2021-01-02,0.1587442778962837
2021-01-03,0.1480295642422992
2021-01-04,0.15592189081572275
2021-01-05,0.1867197316104098
2021-01-06,0.1858787716002561
2021-01-07,0.18572508026282739
2021-01-08,0.19756601616282418
2021-01-09,0.19803228849658347
2021-01-10,0.1971001238479884
2021-01-11,0.1781064343261295
2021-01-12,0.17809186432713844
2021-01-13,0.1772695087537889
2021-01-14,0.16020736476484715
2021-01-15,0.1661708440950228
2021-01-16,0.1596732044805605
2021-01-17,0.15602245135716591
2021-01-18,0.13822399192682844
2021-01-19,0.13774709816232816
2021-01-20,0.13857476512910308
2021-01-21,0.15223520606634922
2021-01-22,0.08441326200966984
2021-01-23,0.10054926767730842
2021-01-24,0.10097076974091425
2021-01-25,0.1030995933437634
2021-01-26,0.09623309365957691
2021-01-27,0.14323985002064765
2021-01-28,0.12252483729974431
2021-01-29,0.09816866398152985
2021-01-30,0.11831130725173686
2021-01-31,0.11752474975148038
2021-02-01,0.11774817660889196
2021-02-02,0.13853555268617046
2021-02-03,0.06013883829087057
2021-02-04,0.10684360110181554
2021-02-05,0.047259646315379086
2021-02-06,0.042464803353159386
2021-02-07,0.03677280541146962
2021-02-08,0.01601964071464053
2021-02-09,-0.0025795294221081784
2021-02-10,-0.008609677829061095
2021-02-11,-0.008962715693780526
2021-02-12,-0.012925751495857337
2021-02-13,-0.008694820014806067
2021-02-14,-0.02127865838872565
2021-02-15,-0.02106804266389941
2021-02-16,-0.02166573076182447
2021-02-17,-0.020611108136764953
2021-02-18,-0.042715139476321655
2021-02-19,-0.04408455535033917
2021-02-20,-0.04677906541044268
2021-02-21,-0.0528309534326973
2021-02-22,-0.07590278249106992
2021-02-23,-0.05336648337262175
2021-02-24,-0.04299840375095214
2021-02-25,-0.08348451744018688
2021-02-26,-0.09735433161404725
2021-02-27,-0.09571897306848173
2021-02-28,-0.09189635665261536
2021-03-01,-0.13000900003420518
2021-03-02,-0.15210942853973042
2021-03-03,-0.15230340653987573
2021-03-04,-0.1544953626638718
2021-03-05,-0.16333960600275807
2021-03-06,-0.17820874930818478
2021-03-07,-0.18252434162976
2021-03-08,-0.14892441375850343
2021-03-09,-0.14835659573334214
2021-03-10,-0.13545505517444867
2021-03-11,-0.13563236875399803
2021-03-12,-0.12818210673871175
2021-03-13,-0.1221852566533216
2021-03-14,-0.12790592986152444
2021-03-15,-0.07070854857484772
2021-03-16,-0.06185134720053453
2021-03-17,-0.06487620662857525
2021-03-18,-0.013915377027384232
2021-03-19,-0.004461271806333218
2021-03-20,-0.007075258258426238
2021-03-21,-0.00807326575552388
2021-03-22,-0.0074491353126407795
2021-03-23,-0.020505560117190635
2021-03-24,-0.05293244478947979
2021-03-25,-0.06000306634734153
2021-03-26,-0.05559275990618634
2021-03-27,-0.05542089244687116
2021-03-28,-0.06994621966578315
2021-03-29,-0.11819872952980875
2021-03-30,-0.1037907386127413
2021-03-31,-0.10214736140460061
2021-04-01,-0.11322084320995751
2021-04-02,-0.1098826287395132
2021-04-03,-0.12351802051062498
2021-04-04,-0.10315492721084081
2021-04-05,-0.11356732154150628
2021-04-06,-0.09209014828207496
2021-04-07,-0.049460398703923464
2021-04-08,-0.09163650767544981
2021-04-09,-0.07444128541456582
2021-04-10,-0.08134760311082759
2021-04-11,-0.07899424369081211
2021-04-12,-0.0864356996692525
2021-04-13,-0.052762899656046545
2021-04-14,-0.05113110205641101
2021-04-15,-0.06212114361735516
2021-04-16,-0.0525498453269054
2021-04-17,-0.053167026703558114
2021-04-18,-0.05503039568638232
2021-04-19,-0.0587761703430976
2021-04-20,-0.057256936618761974
2021-04-21,-0.05865170871531469
2021-04-22,-0.05662293280606891
2021-04-23,-0.05015522326333307
2021-04-24,-0.0642552051369961
2021-04-25,-0.0704600819182237
2021-04-26,-0.10442105628723519
2021-04-27,-0.09056342731167835
2021-04-28,-0.09456404914075765
2021-04-29,-0.0943515476780362
2021-04-30,-0.07002286357167067
2021-05-01,-0.05226017796873704
2021-05-02,-0.05504091374751811
2021-05-03,0.018105325005502312
2021-05-04,-0.026716105102749844
2021-05-05,-0.040523054487841645
2021-05-06,-0.04155119437445163
2021-05-07,-0.054422401893669835
2021-05-08,-0.050095147164363654
2021-05-09,-0.05680356433552635
2021-05-10,-0.05328730263193833
2021-05-11,-0.03025760585066684
2021-05-12,-0.03182435867011527
2021-05-13,-0.025789734915431357
2021-05-14,-0.07651918061898676
2021-05-15,-0.07733535262776267
2021-05-16,-0.07732334737479533
2021-05-17,-0.10688250403073203
2021-05-18,-0.0983843345789486
2021-05-19,0.06922912468653873
2021-05-20,0.030470812923335127
2021-05-21,0.029217955997079693
2021-05-22,0.03492148430370853
2021-05-23,0.048582806481312836
2021-05-24,0.04858429925341365
2021-05-25,0.05454555960290353
2021-05-26,0.033349693318168304
2021-05-27,0.032826591456654515
2021-05-28,0.02213504026867965
2021-05-29,0.019600346556337692
2021-05-30,0.01961877429477545
2021-05-31,0.025950341798180936
2021-06-01,0.022232694928099157
2021-06-02,0.026550130229351245
2021-06-03,0.026376139434997475
2021-06-04,0.026147417309978393
2021-06-05,0.026125633892324876
2021-06-06,0.010360693971081624
2021-06-07,0.025995124820342805
2021-06-08,0.021758232954569457
2021-06-09,0.021663339704786785
2021-06-10,0.0226533860006773
2021-06-11,0.035364879667983636
2021-06-12,0.019306955343867144
2021-06-13,0.019314894072721276
2021-06-14,0.026433386058263845
2021-06-15,0.02597985267756671
2021-06-16,0.006869952659057221
2021-06-17,0.006293570956926012
2021-06-18,0.0190831778875251
2021-06-19,0.019808275538608113
2021-06-20,0.021062573582906415
2021-06-21,0.013269120527836194
2021-06-22,0.012707875362745173
2021-06-23,0.013397768111741561
2021-06-24,0.013956415781461869
2021-06-25,0.05238955296080397
2021-06-26,0.045913246991478245
2021-06-27,0.049986529323190323
2021-06-28,0.04665179484832168
2021-06-29,0.05652256187442415
2021-06-30,0.05685162851564376
2021-07-01,0.05865274394857234
2021-07-02,0.009652007549788802
2021-07-03,0.03100853789957083
2021-07-04,0.04587396151722195
2021-07-05,0.04659167482474429
2021-07-06,0.04758598422082464
2021-07-07,0.051001040156045264
2021-07-08,0.052533056751840744
2021-07-09,0.05939833171439939
2021-07-10,0.029646224674080002
2021-07-11,0.027804715805771738
2021-07-12,0.026979738750417506
2021-07-13,0.07140503825596756
2021-07-14,0.06792539175815428
2021-07-15,0.0728801215033977
2021-07-16,0.07143782807068973
2021-07-17,0.052400109070816006
2021-07-18,-0.18774365361960668
2021-07-19,-0.1171441816599178
2021-07-20,-0.12952847304982285
2021-07-21,-0.1362274188477576
2021-07-22,-0.1447943790912848
2021-07-23,-0.14849670614663293
2021-07-24,-0.2796932933988239
2021-07-25,-0.23307920151079561
2021-07-26,-0.24518096268841932
2021-07-27,-0.11582841529813367
2021-07-28,-0.12250303868041014
2021-07-29,-0.13322960894016436
2021-07-30,-0.13186934733921843
2021-07-31,-0.11872937927148987
2021-08-01,-0.18080652429522687
2021-08-02,-0.1834379160641601
2021-08-03,-0.20815183320897598
2021-08-04,-0.2106635468501153
2021-08-05,-0.21620096012535833
2021-08-06,-0.19397751877272382
2021-08-07,-0.18504069393491857
2021-08-08,-0.18015150740891944
2021-08-09,-0.17769902307461086
2021-08-10,-0.2103739609934793
2021-08-11,-0.20786581794507825
2021-08-12,-0.194682332699389
2021-08-13,-0.18318830041933848
2021-08-14,-0.22929232837788033
2021-08-15,-0.10538593553844514
2021-08-16,-0.15526509414531092
2021-08-17,-0.17602478772944644
2021-08-18,-0.16972538067847334
2021-08-19,-0.2032682439101431
2021-08-20,-0.17796196337160108
2021-08-21,-0.17148354540714444
2021-08-22,-0.187281183937343
2021-08-23,-0.18950041219668723
2021-08-24,-0.23772285762174414
2021-08-25,-0.2386155769634818
2021-08-26,-0.2294805940803689
2021-08-27,-0.2149393675735351
2021-08-28,-0.21542330989664124
2021-08-29,-0.2170903110675049
2021-08-30,-0.2149567861827891
2021-08-31,-0.19405739364817343
2021-09-01,-0.185300044962992
2021-09-02,-0.18569469608689237
2021-09-03,-0.188924143749835
2021-09-04,-0.20331798424761913
2021-09-05,-0.19999856605618313
2021-09-06,-0.20937603247831912
2021-09-07,-0.09250442255587349
2021-09-08,-0.08236459333636997
2021-09-09,-0.07529474662888273
2021-09-10,-0.07477331020173902
2021-09-11,-0.06311004317172655
2021-09-12,-0.06271307512269161
2021-09-13,-0.10765803764210467
2021-09-14,-0.11951126083276865
2021-09-15,-0.11828216335386144
2021-09-16,-0.098451777824156
2021-09-17,-0.06653253022192664
2021-09-18,-0.05207350025479464
2021-09-19,-0.059342735306208365
2021-09-20,0.006282872283076543
2021-09-21,0.06154051840571718
2021-09-22,0.14731968424532363
2021-09-23,0.1480381272686253
2021-09-24,0.1496427158448622
2021-09-25,0.1402627740895586
2021-09-26,0.1411961000435853
2021-09-27,0.15436680399376912
2021-09-28,0.11422969259658397
2021-09-29,0.11420325108740462
2021-09-30,0.1013106869018948
2021-10-01,0.10309940926485914
2021-10-02,0.13821797373805322
2021-10-03,0.13888869672508591
2021-10-04,0.14400147206830413
2021-10-05,0.16632847982756377
2021-10-06,0.1740947289906653
2021-10-07,0.17581487626603234
2021-10-08,0.16922061834216073
2021-10-09,0.17541235814636982
2021-10-10,0.1775719741743797
2021-10-11,0.1717103249706734
2021-10-12,0.16084136634926435
2021-10-13,0.17236634243178728
2021-10-14,0.1482769874498754
2021-10-15,0.2089532612331921
2021-10-16,0.23075907031658122
2021-10-17,0.23379783624716796
2021-10-18,0.2840196752785359
2021-10-19,0.2965127776426105
2021-10-20,0.2911854868545044
2021-10-21,0.2905885931314471
2021-10-22,0.29916983546836434
2021-10-23,0.3507349480681034
2021-10-24,0.35581629006116655
2021-10-25,0.34886472593162043
2021-10-26,0.35207702396069385
2021-10-27,0.3489005864425235
2021-10-28,0.32375045955634313
2021-10-29,0.32655971319552607
2021-10-30,0.3187247088471055
2021-10-31,0.3347209905965941
2021-11-01,0.3148177010405005
2021-11-02,0.3362355354610996
2021-11-03,0.33641803134608966
2021-11-04,0.33130389358379697
2021-11-05,0.3176594506121531
2021-11-06,0.2681110760010899
2021-11-07,0.26357659360406166
2021-11-08,0.23187794406566556
2021-11-09,0.21938834124715834
2021-11-10,0.20201894853082758
2021-11-11,0.19301154239643992
2021-11-12,0.18728914714192912
2021-11-13,0.20398104095051273
2021-11-14,0.20719362838212635
2021-11-15,0.2082033349849911
2021-11-16,0.17060787666790866
2021-11-17,0.17499955924459928
2021-11-18,0.17285838318221453
2021-11-19,0.11332202260409996
2021-11-20,0.034263264626116036
2021-11-21,-0.07795642611098524
2021-11-22,-0.041678403709321375
2021-11-23,-0.01354667206101583
2021-11-24,-0.028908421552796194
2021-11-25,-0.026860114086763507
2021-11-26,0.02515731640507565
2021-11-27,0.07353218052615985
2021-11-28,0.07181852096853984
2021-11-29,0.06979398893284065
2021-11-30,0.11476429953856798
2021-12-01,0.1132682706439517
2021-12-02,0.12792389201245308
2021-12-03,0.12587537567867846
2021-12-04,0.09088389770951133
2021-12-05,0.08190391853650458
2021-12-06,0.08104380147448739
2021-12-07,0.05485481787442693
2021-12-08,0.05792674593258602
2021-12-09,0.1016678402941552
2021-12-10,0.11650155795956854
2021-12-11,0.1145018882177789
2021-12-12,0.10053067363650278
2021-12-13,0.18233218808999255
2021-12-14,0.18131012366188962
2021-12-15,0.15536941736546833
2021-12-16,0.16226065117689858
2021-12-17,0.18845445361347785
2021-12-18,0.17171610529028078
2021-12-19,0.17335259178697587
2021-12-20,0.17034376472773582
2021-12-21,0.18264967912112434
2021-12-22,0.18604266246190052
2021-12-23,0.17123134363435408
2021-12-24,0.17240243167035982
2021-12-25,0.17241164203933126
2021-12-26,0.17454837653419544
2021-12-27,0.1953251897039042
2021-12-28,0.15982061976637676
2021-12-29,0.1728918533110765
2021-12-30,0.1065592463030494
2021-12-31,0.10552458953397473
2022-01-01,0.08635193501403923
2022-01-02,0.08635535565866942
2022-01-03,0.05373164090574463
2022-01-04,0.06675050794317379
2022-01-05,0.057494323468217326
2022-01-06,0.054372176054849744
2022-01-07,0.07795288704059547
2022-01-08,0.0817805676429437
2022-01-09,0.08482365787916417
2022-01-10,0.09414381392451862
2022-01-11,0.12778267181396025
2022-01-12,0.12141077335286411
2022-01-13,0.12539413112580855
2022-01-14,0.12557461984468057
2022-01-15,0.134980382946467
2022-01-16,0.1298000004820719
2022-01-17,0.130832909052674
2022-01-18,0.13644861240966782
2022-01-19,0.12737123484566912
2022-01-20,0.126152985214704
2022-01-21,0.1298107183999219
2022-01-22,0.11839548160537741
2022-01-23,0.11642381005694613
2022-01-24,0.1194489049451385
2022-01-25,0.10610093073905369
2022-01-26,0.10566032893218408
2022-01-27,0.1102799651353998
2022-01-28,0.11234737732157496
2022-01-29,0.0869239342997468
2022-01-30,0.08624129793399218
2022-01-31,0.08079224962710745
2022-02-01,0.09264308462250516
2022-02-02,0.10035300201518137
2022-02-03,0.1025525772290631
2022-02-04,0.13076250678757376
2022-02-05,0.13506726922088572
2022-02-06,0.13352430713948768
2022-02-07,0.10248485586441565
2022-02-08,0.09032698499396091
2022-02-09,0.08928892695809768
2022-02-10,0.05657070132289949
2022-02-11,0.03464110635770927
2022-02-12,0.03574970686012166
2022-02-13,0.05572011147385455
2022-02-14,0.05206515132580092
2022-02-15,0.056003586008100605
2022-02-16,0.062085879109302515
2022-02-17,0.08163658967035238
2022-02-18,0.08613439671707407
2022-02-19,0.057421578326465925
2022-02-20,0.05968978123910519
2022-02-21,0.0757486810463991
2022-02-22,0.07557479818661446
2022-02-23,0.07707206516012442
2022-02-24,0.07019623733294524
2022-02-25,0.0750342608816746
2022-02-26,0.09290844891620362
2022-02-27,0.08248421198471022
2022-02-28,0.12239191747867385
2022-03-01,0.13249850937145183
2022-03-02,0.13622914546469259
2022-03-03,0.13918880493656
2022-03-04,0.20439535201898823
2022-03-05,0.20686370433266368
2022-03-06,0.22137784577575204
2022-03-07,0.22831767105389353
2022-03-08,0.2358573501565105
2022-03-09,0.23145337414966466
2022-03-10,0.24042170317516526
2022-03-11,0.24108556231881784
2022-03-12,0.20392983800589184
2022-03-13,0.21550717355111237
2022-03-14,0.2095559453138335
2022-03-15,0.21028561709771298
2022-03-16,0.19406664428126102
2022-03-17,0.17244651291382776
2022-03-18,0.176654250741753
2022-03-19,0.18180295306862912
2022-03-20,0.21091592706635628
2022-03-21,0.2154139453688345
2022-03-22,0.1957181717943832
2022-03-23,0.1852108440333011
2022-03-24,0.19009057345588393
2022-03-25,0.18323419059073898
2022-03-26,0.1852526926823991
2022-03-27,0.18075126384866602
2022-03-28,0.18170470348158513
2022-03-29,0.2066716171098545
2022-03-30,0.21041345781676185
2022-03-31,0.22073706724578113
2022-04-01,0.2207575880343614
2022-04-02,0.20400299164236815
2022-04-03,0.18388691463459705
2022-04-04,0.182783629386343
2022-04-05,0.08878659844922104
2022-04-06,0.09586082602475436
2022-04-07,0.09490885353940202
2022-04-08,0.11164219476748123
2022-04-09,0.1304061909271422
2022-04-10,0.13914457195211963
2022-04-11,0.24509619950473488
2022-04-12,0.2262796143723368
2022-04-13,0.22322720696975218
2022-04-14,0.22156544312295373
2022-04-15,0.2171664212381542
2022-04-16,0.1797605078732677
2022-04-17,0.17472223906362927
2022-04-18,0.13332607622212042
2022-04-19,0.1193573724476832
2022-04-20,0.12196907979694678
2022-04-21,0.1198929955706049
2022-04-22,0.12029053401755808
2022-04-23,0.11822907041434466
2022-04-24,0.12153344828429691
2022-04-25,0.13269870357591945
2022-04-26,0.10260658995216695
2022-04-27,0.09264953909918151
2022-04-28,0.08193829712062961
2022-04-29,0.1285273698170212
2022-04-30,0.1226560490397277
2022-05-01,0.11808670265385009
2022-05-02,0.11750665523177353
2022-05-03,0.015882950847660837
2022-05-04,-0.020985072748645833
2022-05-05,0.002679561743655899
2022-05-06,-0.00013769459843966203
2022-05-07,-0.03499539530530494
2022-05-08,-0.037095760724853724
2022-05-09,-0.020319082375257383
2022-05-10,0.006635332354813702
2022-05-11,0.014297372714456592
2022-05-12,0.008985587794440059
2022-05-13,0.010045040962574464
2022-05-14,-0.00888748206232973
2022-05-15,0.007010090281331004
2022-05-16,0.028967935084257053
2022-05-17,0.02345073629907975
2022-05-18,0.05386621166498543
2022-05-19,0.042140769253630576
2022-05-20,0.027595606865933937
2022-05-21,-0.004952836907743837
2022-05-22,0.011219334207907734
2022-05-23,0.012005912944323455
2022-05-24,0.011847812327304658
2022-05-25,0.014615755378987806
2022-05-26,0.03563292348508131
2022-05-27,0.047050933994433025
2022-05-28,0.024677189031173687
2022-05-29,0.024372355476509715
2022-05-30,-0.0007352483890924146
2022-05-31,-0.0005872092659254984
2022-06-01,-0.024639528061627492
2022-06-02,-0.02162144490380449
2022-06-03,-0.02868690271950054
2022-06-04,0.006504911877410776
2022-06-05,-0.00568038658929403
2022-06-06,0.003818958752337463
2022-06-07,-0.003427613629323564
2022-06-08,1.883894813811165e-05
2022-06-09,-0.0011089929717555485
2022-06-10,-0.015426744201268706
2022-06-11,-0.028449853222272475
2022-06-12,-0.021099946039191554
2022-06-13,-0.21925582850712422
2022-06-14,-0.17533409503503863
2022-06-15,-0.18208895771678976
2022-06-16,-0.032687868497462205
2022-06-17,-0.0306073223994387
2022-06-18,-0.045827520586736364
2022-06-19,-0.049901687884278276
2022-06-20,-0.05139803409155799
2022-06-21,-0.05176247898530727
2022-06-22,-0.05950746862088001
2022-06-23,-0.058330688817953016
2022-06-24,-0.05396053878776786
2022-06-25,-0.045436395869650564
2022-06-26,-0.033118951075814175
2022-06-27,-0.024609614040714108
2022-06-28,-0.030122814680973616
2022-06-29,-0.026090375651049522
2022-06-30,-0.015549823226282148
2022-07-01,-0.005079195944933805
2022-07-02,0.002811685481171338
2022-07-03,0.043697826446233
2022-07-04,0.018785301101767727
2022-07-05,0.01891609995246361
2022-07-06,0.06061818807844638
2022-07-07,0.05486239058525075
2022-07-08,0.033390795420948895
2022-07-09,0.00323580815155565
2022-07-10,0.0005522603157023391
2022-07-11,-0.01331160779060195
2022-07-12,-0.041990496437103605
2022-07-13,0.008091163284400514
2022-07-14,-0.006159895754765501
2022-07-15,-0.006418643921864909
2022-07-16,-0.027486421404739007
2022-07-17,-0.05424532396704252
2022-07-18,-0.049872107169392506
2022-07-19,-0.06307275705897163
2022-07-20,-0.05848649554177516
2022-07-21,-0.06058715026737791
2022-07-22,-0.058225974492904474
2022-07-23,-0.06122719988543645
2022-07-24,-0.06515024520878844
2022-07-25,-0.0798160034008857
2022-07-26,-0.08456626902851394
2022-07-27,-0.11958557142060068
2022-07-28,-0.13038740294353432
2022-07-29,-0.12530812280233217
2022-07-30,-0.12535850436785248
2022-07-31,-0.1061286197888696
2022-08-01,-0.1011878621309919
2022-08-02,-0.09783663944746074
2022-08-03,-0.0952128553262375
2022-08-04,-0.09359387295529495
2022-08-05,-0.09388191190703449
2022-08-06,-0.08685861528611058
2022-08-07,-0.08750931372712199
2022-08-08,-0.08471567261151378
2022-08-09,-0.0811396452777546
2022-08-10,-0.09957488711596352
2022-08-11,-0.10633281416170352
2022-08-12,0.06501284725429154
2022-08-13,0.07497895673879307
2022-08-14,0.0795734483871976
2022-08-15,-0.11659471143559062
2022-08-16,-0.12227421989530216
2022-08-17,-0.12729347688228765
2022-08-18,-0.12228431217003873
2022-08-19,-0.11050538395537265
2022-08-20,-0.11006890457873313
2022-08-21,-0.09271946731880322
2022-08-22,-0.09595650610760478
2022-08-23,-0.1053939252421489
2022-08-24,-0.10420197902636838
2022-08-25,-0.10910582259020614
2022-08-26,-0.10298384269299647
2022-08-27,-0.07887507130889412
2022-08-28,-0.0882259992381111
2022-08-29,-0.11213728524756474
2022-08-30,-0.11738335646183329
2022-08-31,-0.11919628727710162
2022-09-01,-0.12041762786244438
2022-09-02,-0.11173316219611694
2022-09-03,-0.10832213103918498
2022-09-04,-0.18102087159506663
2022-09-05,-0.18323754892370542
2022-09-06,-0.1862098709668411
2022-09-07,-0.17444783499563288
2022-09-08,-0.18011375883803332
2022-09-09,-0.14330237467957954
2022-09-10,-0.09356925680037396
2022-09-11,-0.1958689058833041
2022-09-12,-0.17671524382829995
2022-09-13,-0.21997849305717415
2022-09-14,-0.22324158990768875
2022-09-15,-0.18872759951076526
2022-09-16,-0.21091934501219003
2022-09-17,-0.20752328944314102
2022-09-18,-0.20730384024415024
2022-09-19,-0.20829314077219369
2022-09-20,-0.23313992779653558
2022-09-21,-0.20888679528845902
2022-09-22,-0.22609358945816882
2022-09-23,-0.21561070141957644
2022-09-24,-0.21821809767734054
2022-09-25,-0.1367479117065265
2022-09-26,-0.09051521567492664
2022-09-27,-0.08862155144709118
2022-09-28,-0.092293655955671
2022-09-29,-0.09317668155632379
2022-09-30,-0.10249191660589528
2022-10-01,-0.12282504895754372
2022-10-02,-0.12345277649648444
2022-10-03,-0.13922304961739507
2022-10-04,-0.11512684271339216
2022-10-05,-0.1165128028563553
2022-10-06,-0.11596164729319562
2022-10-07,-0.13414601918749158
2022-10-08,-0.10519912695907778
2022-10-09,-0.07135072677960107
2022-10-10,-0.056814563172551506
2022-10-11,-0.057095164407000285
2022-10-12,-0.027475940667574625
2022-10-13,-0.02937399654781897
2022-10-14,-0.027434469737890637
2022-10-15,-0.021486473167783193
2022-10-16,-0.03349175235284808
2022-10-17,-0.024760340059983694
2022-10-18,-0.03796633798230739
2022-10-19,-0.04488669316815874
2022-10-20,-0.04006316110835515
2022-10-21,-0.046769990529883676
2022-10-22,-0.06039381552889078
2022-10-23,-0.06608523537728574
2022-10-24,-0.06684311784170109
2022-10-25,-0.0429354335200857
2022-10-26,-0.07036736935586038
2022-10-27,-0.07186336294789201
2022-10-28,-0.09363439235810414
2022-10-29,-0.08881414660054983
2022-10-30,-0.0809735930557907
2022-10-31,-0.07724840018792085
2022-11-01,-0.07949835741055945
2022-11-02,-0.06762898784474174
2022-11-03,-0.0667785875043965
2022-11-04,-0.07792964416617561
2022-11-05,-0.07382788749898964
2022-11-06,-0.09962278372945571
2022-11-07,-0.09866505568731905
2022-11-08,-0.1680665731853217
2022-11-09,-0.12356951116142637
2022-11-10,-0.1580090171577033
2022-11-11,-0.15635480475989846
2022-11-12,-0.09559690225581624
2022-11-13,-0.0848799439092907
2022-11-14,-0.12189061798392951
2022-11-15,-0.12665267428202986
2022-11-16,-0.12020908066023153
2022-11-17,-0.1321458982854719
2022-11-18,-0.1216693104570681
2022-11-19,-0.08250049531067853
2022-11-20,-0.10603062100737785
2022-11-21,-0.06111903661693947
2022-11-22,-0.04562567396846182
2022-11-23,-0.051237066911535296
2022-11-24,-0.05590588030646615
2022-11-25,-0.06706575213286917
2022-11-26,-0.06815285718717974
2022-11-27,-0.06559437761623406
2022-11-28,-0.06428507876259713
2022-11-29,-0.05269559345635137
2022-11-30,-0.06168896231733292
2022-12-01,-0.05671996289980792
2022-12-02,-0.04405143325762951
2022-12-03,-0.08604794627106621
2022-12-04,-0.09181481297234942
2022-12-05,-0.08325096373132221
2022-12-06,-0.08037884419364363
2022-12-07,-0.06944807878906187
2022-12-08,-0.08134734049636048
2022-12-09,-0.08654395152711764
2022-12-10,-0.08424264846317944
2022-12-11,-0.126264043424536
2022-12-12,-0.1267477067187375
2022-12-13,-0.10617825692780251
2022-12-14,-0.104279992454793
2022-12-15,-0.09696640721299302
2022-12-16,-0.06633305378543121
2022-12-17,-0.05660952634095261
2022-12-18,-0.04784817771378011
2022-12-19,-0.047279482538278135
2022-12-20,-0.01947294315016891
2022-12-21,-0.018101151663910124
2022-12-22,-0.016330938584134282
2022-12-23,-0.01422960531976012
2022-12-24,-0.057545082299964495
2022-12-25,-0.02902880208724632
2022-12-26,-0.030962792475729146
2022-12-27,-0.04319683283106076
2022-12-28,-0.05455985832204324
2022-12-29,-0.06089505977633487
2022-12-30,-0.06132093812886339
2022-12-31,-0.06952592463202828
2023-01-01,-0.08003062060747669
2023-01-02,-0.08013425775014187
2023-01-03,-0.07037969902900644
2023-01-04,-0.018785937623220905
2023-01-05,-0.020671841069669652
2023-01-06,-0.02235433849725698
2023-01-07,0.1398263751266505
2023-01-08,0.16588107833267982
2023-01-09,0.33840568786225483
2023-01-10,0.3426850727537803
2023-01-11,0.3258465968610203
2023-01-12,0.2898618302133199
2023-01-13,0.29093389069694586
2023-01-14,0.2705730827529262
2023-01-15,0.26902981140443427
2023-01-16,0.26425008576743875
2023-01-17,0.263246354289633
2023-01-18,0.2417591186311532
2023-01-19,0.24497388967368655
2023-01-20,0.21977681233209173
2023-01-21,0.20455451878303038
2023-01-22,0.2102567492138507
2023-01-23,0.21233060954166444
2023-01-24,0.1787605647929197
2023-01-25,0.16093906941152417
2023-01-26,0.1610447458795125
2023-01-27,0.16330696796797642
2023-01-28,0.13406037566557719
2023-01-29,0.13827329930343477
2023-01-30,0.1318631144085283
2023-01-31,0.13366931520240347
2023-02-01,0.1039681423515172
2023-02-02,0.10750738461444707
2023-02-03,0.09147226299784812
2023-02-04,0.08869838940646721
2023-02-05,0.0662010949092704
2023-02-06,0.09091161396581945
2023-02-07,0.10982093170653187
2023-02-08,0.10683967844172551
2023-02-09,0.07843086270691406
2023-02-10,0.07403047491767349
2023-02-11,0.03456272410645588
2023-02-12,0.03027251664200964
2023-02-13,0.021772825881691146
2023-02-14,-0.06700993518966662
2023-02-15,-0.08981313889136912
2023-02-16,-0.0959674143905439
2023-02-17,-0.09595933949133306
2023-02-18,-0.13919128284094662
2023-02-19,-0.143846657711465
2023-02-20,-0.14486896446640887
2023-02-21,-0.1449074046549393
2023-02-22,-0.14485609401924343
2023-02-23,-0.14579057530631714
2023-02-24,-0.14602197288616617
2023-02-25,-0.14603530084291594
2023-02-26,-0.10388967663834321
2023-02-27,-0.0919694115548333
2023-02-28,-0.11461563911190854
2023-03-01,-0.11060404248545312
2023-03-02,-0.10766549522407176
2023-03-03,-0.09043433379117807
2023-03-04,-0.09070100004053228
2023-03-05,-0.2182139251992474
2023-03-06,-0.22805417075184675
2023-03-07,-0.20886941205279522
2023-03-08,-0.22141480080733447
2023-03-09,-0.14981974013551538
2023-03-10,-0.13050876111448367
2023-03-11,-0.15976903667048412
2023-03-12,-0.15000639571117064
2023-03-13,-0.23633993252742364
2023-03-14,-0.23661042816271985
2023-03-15,-0.15039820308120858
2023-03-16,-0.15482046088500429
2023-03-17,-0.29488492706317454
2023-03-18,-0.2941422215183672
2023-03-19,-0.28091377069430895
2023-03-20,-0.3076428988070187
2023-03-21,-0.2505055284215581
2023-03-22,-0.22949703334043292
2023-03-23,-0.248817795488274
2023-03-24,-0.24601981478418006
2023-03-25,-0.2338029940167166
2023-03-26,-0.22691961433908606
2023-03-27,-0.24866080732996326
2023-03-28,-0.23201522710848924
2023-03-29,-0.23268698258501083
2023-03-30,-0.23598966632637433
2023-03-31,-0.25590529202989226
2023-04-01,-0.2600995814165869
2023-04-02,-0.24758076029369563
2023-04-03,-0.24851463747691066
2023-04-04,-0.1894200855156516
2023-04-05,-0.1928608939127769
2023-04-06,-0.19408985892490918
2023-04-07,-0.19333744898326474
2023-04-08,-0.20566009742196587
2023-04-09,-0.2044384065605191
2023-04-10,-0.16199727856538512
2023-04-11,-0.16283781160339392
2023-04-12,-0.16469015791331762
2023-04-13,-0.16630228362568564
2023-04-14,-0.14836423968366766
2023-04-15,-0.15173505338058713
2023-04-16,-0.14595564602988836
2023-04-17,-0.14530623431965556
2023-04-18,-0.1378274781377118
2023-04-19,-0.09874970003920813
2023-04-20,-0.09915698131363528
2023-04-21,-0.0966211992219106
2023-04-22,-0.09675459100999796
2023-04-23,-0.09622597154061541
2023-04-24,-0.08678263603803868
2023-04-25,-0.077653300440893
2023-04-26,-0.07861555292911396
2023-04-27,-0.07622821790242934
2023-04-28,-0.07075556632333097
2023-04-29,-0.0644255050641408
2023-04-30,-0.06754144379912703
2023-05-01,-0.054475512688036146
2023-05-02,-0.03219908771463148
2023-05-03,-0.026762810975792403
2023-05-04,-0.020827269653483332
2023-05-05,-0.012231456957064755
2023-05-06,-0.00415870029278112
2023-05-07,0.0018291276562663378
2023-05-08,-0.018601652239175526
2023-05-09,-0.024123203918902086
2023-05-10,-0.019501858609491506
2023-05-11,-0.006022551795351546
2023-05-12,0.06623061092823934
2023-05-13,0.06485439480154077
2023-05-14,0.031090930334296205
2023-05-15,0.032448914478773315
2023-05-16,0.2425594401982289
2023-05-17,0.24051491871869
2023-05-18,0.2398392660625504
2023-05-19,0.3224079987729852
2023-05-20,0.273834539010888
2023-05-21,0.25439637381137653
2023-05-22,0.31343770947258187
2023-05-23,0.3233174684348692
2023-05-24,0.30937702590036764
2023-05-25,0.31150158878588785
2023-05-26,0.34946580717068787
2023-05-27,0.3382069683949294
2023-05-28,0.3251875717350085
2023-05-29,0.3271663765816725
2023-05-30,0.36062226827456206
2023-05-31,0.3297607717934319
2023-06-01,0.33083935971956224
2023-06-02,0.3321849633158337
2023-06-03,0.288444038983294
2023-06-04,0.3021146052198961
2023-06-05,0.3376007685228654
2023-06-06,0.33349397190543784
2023-06-07,0.33403912847789347
2023-06-08,0.3237711406394939
2023-06-09,0.29327047831606523
2023-06-10,0.2941167187601897
2023-06-11,0.3018845405823554
2023-06-12,0.3198437668027155
2023-06-13,0.29881809515178226
2023-06-14,0.30498893893610607
2023-06-15,0.2996558332508583
2023-06-16,0.30503949326814894
2023-06-17,0.29183213001587943
2023-06-18,0.27311870130702687
2023-06-19,0.2809492318582119
2023-06-20,0.2951496053533983
2023-06-21,0.33176863245611254
2023-06-22,0.33164955439571603
2023-06-23,0.3262398246026143
2023-06-24,0.3187543258122097
2023-06-25,0.31880430266694376
2023-06-26,0.3076665111960295
2023-06-27,0.3106028565683111
2023-06-28,0.3146970598989958
2023-06-29,0.3140330650714721
2023-06-30,0.2623093211567272
2023-07-01,0.24376825680021524
2023-07-02,0.22778321335094617
2023-07-03,0.2145066827825771
2023-07-04,0.19088961010320216
2023-07-05,0.17624606099459503
2023-07-06,0.1563297858676819
2023-07-07,0.15600373130135967
2023-07-08,0.1587207053558694
2023-07-09,0.1586361091119452
2023-07-10,0.12688357829035576
2023-07-11,0.12440334317068331
2023-07-12,0.12531060997675125
2023-07-13,0.09644763998717815
2023-07-14,0.11299751356757762
2023-07-15,0.11348270705021385
2023-07-16,0.11651805009835266
2023-07-17,0.1268981050880262
2023-07-18,0.13277996588995888
2023-07-19,0.13383388525146214
2023-07-20,0.1332393789867189
2023-07-21,0.13200856798445312
2023-07-22,0.10565011905856496
2023-07-23,0.13633599667535903
2023-07-24,0.13774334358522144
2023-07-25,0.16405442674518486
2023-07-26,0.1641060440500674
2023-07-27,0.17326112046171582
2023-07-28,0.16800805810711777
2023-07-29,0.16577689640715543
2023-07-30,0.2630898105388848
2023-07-31,0.2650425734153279
2023-08-01,0.25996852717486557
2023-08-02,0.259155177011513
2023-08-03,0.2592747802078761
2023-08-04,0.1547164531507998
2023-08-05,0.13170060887382248
2023-08-06,0.12421819889361572
2023-08-07,0.1673099886655463
2023-08-08,0.1757903923869966
2023-08-09,0.1755744754542424
2023-08-10,0.17651677119366185
2023-08-11,0.17625634321121322
2023-08-12,0.17672177529701005
2023-08-13,0.10746523346242336
2023-08-14,0.12770437631343193
2023-08-15,0.11081012309934997
2023-08-16,0.11069360157150981
2023-08-17,0.14518374387581195
2023-08-18,0.1506243516395525
2023-08-19,0.1382126070965548
2023-08-20,-0.10693493459819671
2023-08-21,-0.10825249868098588
2023-08-22,-0.12655012409922287
2023-08-23,-0.13206434086911478
2023-08-24,-0.1331066127363487
2023-08-25,-0.11228807797370197
2023-08-26,-0.15572770659048546
2023-08-27,-0.20030098368380433
2023-08-28,-0.20554950627351817
2023-08-29,-0.1303139428306517
2023-08-30,-0.12049889559096436
2023-08-31,-0.05183395573280853
2023-09-01,-0.016367614188602785
2023-09-02,-0.019017168413005655
2023-09-03,0.030325301276229573
2023-09-04,0.09843891638067079
2023-09-05,0.10420774571840502
2023-09-06,0.10250531025096157
2023-09-07,0.07733785912143051
2023-09-08,0.060397688675711776
2023-09-09,0.05995636759060384
2023-09-10,0.060565323412843056
2023-09-11,0.1468733049348861
2023-09-12,0.15036702263208274
2023-09-13,0.14698361442179594
2023-09-14,0.1238057057493591
2023-09-15,0.13727961280750486
2023-09-16,0.14941245784157398
2023-09-17,0.14911463755375856
2023-09-18,0.15148920742074742
2023-09-19,0.15557222570400334
2023-09-20,0.1489100165663796
2023-09-21,0.1764422120770804
2023-09-22,0.17944075849511704
2023-09-23,0.171632588358919
2023-09-24,0.16951808903868432
2023-09-25,0.17470648162173186
2023-09-26,0.20331370849452884
2023-09-27,0.20650205233621655
2023-09-28,0.09024423745569915
2023-09-29,0.0777629185299251
2023-09-30,0.06533444406229125
2023-10-01,0.05898339063308557
2023-10-02,-0.004180778612888113
2023-10-03,-0.011449124054891551
2023-10-04,-0.008324411140141912
2023-10-05,0.013726719908498929
2023-10-06,0.05771133078553551
2023-10-07,0.03690252696179329
2023-10-08,0.03630486923778607
2023-10-09,0.040147220389920954
2023-10-10,0.04967721837748982
2023-10-11,0.051304298900136845
2023-10-12,0.052272726666286656
2023-10-13,0.042408576404297696
2023-10-14,0.04762859148055787
2023-10-15,0.050883508679560055
2023-10-16,0.003202341668940732
2023-10-17,-0.020316783740910636
2023-10-18,-0.01955773292162379
2023-10-19,-0.024992483783551296
2023-10-20,-0.045934693158008626
2023-10-21,-0.020144004873109106
2023-10-22,-0.020279858434610793
2023-10-23,-0.04526351429139989
2023-10-24,-0.027214162806897375
2023-10-25,-0.026910876321902324
2023-10-26,-0.03618217505229999
2023-10-27,-0.03952839404800513
2023-10-28,-0.03111077211177057
2023-10-29,-0.03732166813035877
2023-10-30,-0.09174150054035578
2023-10-31,-0.13468672857950786
2023-11-01,-0.1581453992145051
2023-11-02,-0.07273533058094714
2023-11-03,-0.09382373022452585
2023-11-04,-0.0941814227530246
2023-11-05,-0.0897139037644721
2023-11-06,-0.08070946927259051
2023-11-07,-0.0818937674373407
2023-11-08,-0.08095242913763925
2023-11-09,-0.09748005878497944
2023-11-10,-0.07525742081226101
2023-11-11,-0.09671193539397278
2023-11-12,-0.09753335167025262
2023-11-13,-0.09159861891630293
2023-11-14,-0.07226140300570659
2023-11-15,-0.06361098208317295
2023-11-16,-0.021824730851352742
2023-11-17,-0.02116810590405825
2023-11-18,-0.022074039094492296
2023-11-19,-0.013767984452671286
2023-11-20,-0.029489793307113377
2023-11-21,-0.08014566422260642
2023-11-22,-0.03800790428093005
2023-11-23,-0.0377911582046968
2023-11-24,-0.04083885049248823
2023-11-25,-0.04051309169362458
2023-11-26,-0.040912717396601156
2023-11-27,-0.011904133276221624
2023-11-28,-0.008206186694729323
2023-11-29,0.00683113940841116
2023-11-30,0.004367033592182778
2023-12-01,0.03071285366689553
2023-12-02,0.04976457536370865
2023-12-03,0.04903388590763526
2023-12-04,0.04601865384285317
2023-12-05,0.04556345181456641
2023-12-06,0.04274479904333509
2023-12-07,0.017185965688786654
2023-12-08,0.021559034073623133
2023-12-09,-0.0005507893877928118
2023-12-10,0.006051308568463668
2023-12-11,0.0016452445955912345
2023-12-12,-0.014311433894899953
2023-12-13,-0.04148341716340027
2023-12-14,-0.047352962321975986
2023-12-15,-0.08102019032553634
2023-12-16,-0.06098736566066535
2023-12-17,-0.06632704631204366
2023-12-18,-0.07136097708131488
2023-12-19,-0.08091771926033192
2023-12-20,-0.08375511235094636
2023-12-21,-0.09572448925838793
2023-12-22,-0.08145831478672796
2023-12-23,-0.0903260666352421
2023-12-24,-0.09139682229366437
2023-12-25,-0.08847750255102875
2023-12-26,-0.0770546141986188
2023-12-27,0.04004503293339487
2023-12-28,0.05370033892771624
2023-12-29,0.09090195266516017
2023-12-30,0.09059843706218777
2023-12-31,0.10282335663900614
2024-01-01,0.06745512063386329
2024-01-02,0.06944510621632385
2024-01-03,-0.005267111831200971
2024-01-04,-0.012536010555416205
2024-01-05,-0.01145798295855632
2024-01-06,-0.006337874295655531
2024-01-07,-0.007181297903184299
2024-01-08,0.018493496391747306
2024-01-09,0.006202413646740135
2024-01-10,-0.014665696413873372
2024-01-11,-0.017691859476430653
2024-01-12,0.018499165287913982
2024-01-13,0.007873470908041696
2024-01-14,0.0008960778697970809
2024-01-15,-0.02691282178075992
2024-01-16,-0.02176634412929005
2024-01-17,-0.03754944515197478
2024-01-18,-0.018128498980781334
2024-01-19,-0.01879368071107862
2024-01-20,0.02012392708421843
2024-01-21,-0.012835451316417086
2024-01-22,-0.021531905397388456
2024-01-23,-0.03430476704302552
2024-01-24,-0.03446131387473853
2024-01-25,-0.028035261461645797
2024-01-26,-0.01681294215642104
2024-01-27,-0.018168258467725573
2024-01-28,-0.02923139464481984
2024-01-29,-0.027727563997664094
2024-01-30,-0.01037159632593004
2024-01-31,0.00968519784160966
2024-02-01,0.014526254053309241
2024-02-02,0.006387515782322162
2024-02-03,-0.01624157725341682
2024-02-04,-0.015678926490736236
2024-02-05,0.015409150548651964
2024-02-06,0.00733569901886553
2024-02-07,0.0075510718929482626
2024-02-08,0.008011751014559396
2024-02-09,0.01202957811257768
2024-02-10,0.022201057092909406
2024-02-11,0.056757252263601156
2024-02-12,0.08901677557735596
2024-02-13,0.11403767980678264
2024-02-14,0.07209886191937682
2024-02-15,0.07240950266885908
2024-02-16,0.06909436115552664
2024-02-17,0.08571030687895592
2024-02-18,0.08844963696750109
2024-02-19,0.10457206658283709
2024-02-20,0.0980084080384307
2024-02-21,0.07275752085446492
2024-02-22,0.07314954594137375
2024-02-23,0.06520935192035723
2024-02-24,0.0580006545069363
2024-02-25,-0.04783143123377111
2024-02-26,-0.0578445393836
2024-02-27,-0.1410625026684729
2024-02-28,-0.15416698665315612
2024-02-29,-0.1269300262820844
2024-03-01,-0.1371428965061075
2024-03-02,-0.14171555184616938
2024-03-03,-0.03136450434687381
2024-03-04,-3.1606567400333204e-06
2024-03-05,-0.009721071619589976
2024-03-06,0.014460082120577483
2024-03-07,0.013417232318581902
2024-03-08,0.014118915132984862
2024-03-09,0.017101017987753826
2024-03-10,0.05828515000015643
2024-03-11,0.10086703243686668
2024-03-12,0.02557140665695605
2024-03-13,0.026655410507228364
2024-03-14,0.02636482298299865
2024-03-15,0.028934401304976754
2024-03-16,0.0219743515856744
2024-03-17,0.05090468909769514
2024-03-18,0.010704214029020265
2024-03-19,0.01612983049490211
2024-03-20,-0.06369036116394512
2024-03-21,-0.0637165663346323
2024-03-22,-0.024166961452411404
2024-03-23,0.0022987015766833784
2024-03-24,0.0018183471368896239
2024-03-25,-0.020818675554801252
2024-03-26,-0.02580494562220771
2024-03-27,-0.01770114308900157
2024-03-28,-0.02632941027798902
2024-03-29,-0.026160349121136708
2024-03-30,-0.027272816594748367
2024-03-31,-0.06881148687573097
2024-04-01,-0.12063626145142545
2024-04-02,-0.08631369299880876
2024-04-03,-0.08722473277711941
2024-04-04,-0.08616995386386714
2024-04-05,-0.09496331721506114
2024-04-06,-0.08651254507887206
2024-04-07,-0.08624999278727162
2024-04-08,-0.05057290581796039
2024-04-09,-0.03962536032367703
2024-04-10,-0.028475223318467097
2024-04-11,-0.022655518871592957
2024-04-12,-0.006474919934916353
2024-04-13,-0.0036437746691993776
2024-04-14,0.04173107822167485
2024-04-15,0.03207680043727528
2024-04-16,0.036994671020110066
2024-04-17,0.02203917321844355
2024-04-18,0.026919616930619356
2024-04-19,0.027127713579082037
2024-04-20,0.04166388625847477
2024-04-21,0.06845737006185676
2024-04-22,0.06809063302841405
2024-04-23,0.07749375462993943
2024-04-24,0.058553644988588144
2024-04-25,0.055038423217070406
2024-04-26,0.04528207719805924
2024-04-27,0.0523572159969356
2024-04-28,0.06773743886019627
2024-04-29,0.051288504058061284
2024-04-30,0.06157732828867666
2024-05-01,0.05734339518798062
2024-05-02,0.04871159278842519
2024-05-03,0.016889080732515677
2024-05-04,0.019249723154733688
2024-05-05,-0.006940120556112645
2024-05-06,-0.011377321906068537
2024-05-07,-0.014130854806449596
2024-05-08,-0.014756071043349708
2024-05-09,-0.024227190929984647
2024-05-10,-0.07935560517289972
2024-05-11,-0.07954585767196365
2024-05-12,-0.07785162292079284
2024-05-13,-0.08082070279538295
2024-05-14,-0.07360561252335128
2024-05-15,-0.05201276160115006
2024-05-16,-0.058060744115238594
2024-05-17,-0.0693094469981802
2024-05-18,-0.07500616506632382
2024-05-19,0.014105684835824184
2024-05-20,0.008758357301535407
2024-05-21,-0.02121233982440842
2024-05-22,-0.026493753866531522
2024-05-23,-0.025899628217695828
2024-05-24,-0.018799575511311832
2024-05-25,-0.019028938734088587
2024-05-26,-0.026532882616565428
2024-05-27,-0.012701516544349858
2024-05-28,-0.01619335551045657
2024-05-29,-0.018351613472549
2024-05-30,-0.015053491030111148
2024-05-31,0.03233543761413348
2024-06-01,9.022765036104228e-05
2024-06-02,0.0031071779047407567
2024-06-03,0.006886269629206467
2024-06-04,0.009758636101893097
2024-06-05,0.009644211698161981
2024-06-06,0.020832924571185227
2024-06-07,-0.04285076177012661
2024-06-08,-0.06050769917132185
2024-06-09,-0.10264046902141216
2024-06-10,-0.10280504136762225
2024-06-11,-0.24336374540435288
2024-06-12,-0.26030792609194764
2024-06-13,-0.25003573558996545
2024-06-14,-0.23892864358551663
2024-06-15,-0.2463313229425893
2024-06-16,-0.22198456310840636
2024-06-17,-0.24381536740804635
2024-06-18,-0.2249375627122892
2024-06-19,-0.22607545343944174
2024-06-20,-0.19676777241155993
2024-06-21,-0.1897511601093815
2024-06-22,-0.1903852909671039
2024-06-23,-0.1671090772468227
2024-06-24,-0.15511760222948878
2024-06-25,-0.13334964792457965
2024-06-26,-0.13997565186922414
2024-06-27,-0.1537454014570466
2024-06-28,-0.11657707610244339
2024-06-29,-0.10182584887647851
2024-06-30,-0.09120002213700913
2024-07-01,-0.08987143076881178
2024-07-02,-0.08636021404493181
2024-07-03,-0.09462952935741041
2024-07-04,-0.0909694822035036
2024-07-05,-0.064284654036298
2024-07-06,-0.05655213382899788
2024-07-07,-0.054552588372805584
2024-07-08,-0.06535993845253135
2024-07-09,-0.037717818994377726
2024-07-10,-0.03729174400568423
2024-07-11,-0.02650154199711607
2024-07-12,-0.024669229718166034
2024-07-13,-0.033712098280165484
2024-07-14,-0.06003499561283592
2024-07-15,-0.07405020643758942
2024-07-16,-0.06715667913976202
2024-07-17,-0.0718355811429474
2024-07-18,-0.07175885667040777
2024-07-19,-0.11505645485119675
2024-07-20,-0.12020360616260968
2024-07-21,-0.11125225915088607
2024-07-22,-0.10434737323078294
2024-07-23,-0.12225864200406264
2024-07-24,-0.11154270416522034
2024-07-25,-0.0638375876513569
2024-07-26,-0.07999916492770445
2024-07-27,-0.07609263883018838
2024-07-28,-0.06769126719435138
2024-07-29,-0.07909024064781409
2024-07-30,-0.06461960999320057
2024-07-31,-0.07044031943868663
2024-08-01,-0.052775395369691724
2024-08-02,0.25597105721603475
2024-08-03,0.2500895758589034
2024-08-04,0.22087779873174607
2024-08-05,0.05122041214152156
2024-08-06,0.08150402202761378
2024-08-07,0.07477775394277276
2024-08-08,0.09039695100547586
2024-08-09,0.09437242382793429
2024-08-10,0.11794968547474018
2024-08-11,0.11580610136583927
2024-08-12,0.11423992144859149
2024-08-13,0.11410301451073541
2024-08-14,0.1062788835860048
2024-08-15,0.0827635752001461
2024-08-16,0.08663456629628542
2024-08-17,0.08727617293590915
2024-08-18,0.08574669420782341
2024-08-19,0.07917352370499701
2024-08-20,0.0952754671751267
2024-08-21,0.0713749176525471
2024-08-22,0.07278180126466574
2024-08-23,0.033092518027296514
2024-08-24,0.02600025483445773
2024-08-25,0.026960700572337407
2024-08-26,0.02824904498331037
2024-08-27,0.08517140055866117
2024-08-28,0.07554796466132208
2024-08-29,0.07466094187853362
2024-08-30,0.07371961890379605
2024-08-31,0.07492413474243932
2024-09-01,0.07701966420261373
2024-09-02,0.09295765607922747
2024-09-03,0.08384399619437509
2024-09-04,0.07160300995148335
2024-09-05,0.08726331850746315
2024-09-06,0.11811022040698761
2024-09-07,0.11569834993887214
2024-09-08,0.11542128512149717
2024-09-09,0.1116292118375282
2024-09-10,0.07383447391804288
2024-09-11,0.048988551794826495
2024-09-12,0.03426833001243535
2024-09-13,-0.03276585435084061
2024-09-14,-0.03218735158287153
2024-09-15,-0.035450846256389425
2024-09-16,-0.03633381728090598
2024-09-17,-0.04286869281599376
2024-09-18,-0.07379054624056665
2024-09-19,-0.08542614168858755
2024-09-20,-0.11022701862067014
2024-09-21,-0.10372636051126326
2024-09-22,-0.10098480294343778
2024-09-23,-0.11582505906899243
2024-09-24,-0.12017495149613812
2024-09-25,-0.12004501098821319
2024-09-26,-0.12564234323579235
2024-09-27,-0.1133048562706833
2024-09-28,-0.113850425051321
2024-09-29,-0.11250612859079696
2024-09-30,-0.12049557433570939
2024-10-01,-0.20556313609303614
2024-10-02,-0.20105986729030453
2024-10-03,-0.1950877349771499
2024-10-04,-0.09897900184718274
2024-10-05,-0.10965389510018766
2024-10-06,-0.09992951723917862
2024-10-07,-0.16165164575115462
2024-10-08,-0.1589841588869142
2024-10-09,-0.16935600261238495
2024-10-10,-0.1650796329410465
2024-10-11,-0.18778041698686665
2024-10-12,-0.18463481431217607
2024-10-13,-0.17987647079345326
2024-10-14,-0.135389203937424
2024-10-15,-0.13764132893306186
2024-10-16,-0.13988094495173492
2024-10-17,-0.1403792516745703
2024-10-18,-0.13724768161324857
2024-10-19,-0.14987095712666032
2024-10-20,-0.13240134177327487
2024-10-21,-0.13966604180733863
2024-10-22,-0.11917075047838539
2024-10-23,-0.13124772919986552
2024-10-24,-0.1328198580319141
2024-10-25,-0.155645457697551
2024-10-26,-0.21108434506012969
2024-10-27,-0.20708119115237691
2024-10-28,-0.21837023192432817
2024-10-29,-0.21201374789864713
2024-10-30,-0.21230638218437697
2024-10-31,-0.1652666143265362
2024-11-01,-0.1770462649148573
2024-11-02,-0.1698284627804848
2024-11-03,-0.1698510674521963
2024-11-04,-0.19282015233963387
2024-11-05,-0.22483488834997975
2024-11-06,-0.15434040599770024
2024-11-07,-0.15403627861903038
2024-11-08,-0.14693659036124848
2024-11-09,-0.12931807775564588
2024-11-10,-0.10311169126354673
2024-11-11,-0.10082419852798656
2024-11-12,-0.07608703069175314
2024-11-13,-0.057362914128862054
2024-11-14,-0.04881260326564608
2024-11-15,-0.049288833393778375
2024-11-16,-0.047187205321787974
2024-11-17,-0.039801985471716095
2024-11-18,0.0005650888814873135
2024-11-19,0.04889787841050962
2024-11-20,0.044754089392544834
2024-11-21,0.05989366616270246
2024-11-22,0.09492431631455682
2024-11-23,0.09532937520326248
2024-11-24,0.08685324378332097
2024-11-25,0.09555899647419422
2024-11-26,0.09435024913426283
2024-11-27,0.0599961054811015
2024-11-28,0.05887849165148446
2024-11-29,0.0782748875522356
2024-11-30,0.04621885031876557
2024-12-01,0.03438933288264213
2024-12-02,0.021743143296336656
2024-12-03,-0.00042784465819434596
2024-12-04,-0.020844883284268916
2024-12-05,-0.012784250339553077
2024-12-06,-0.05281987088766987
2024-12-07,-0.05405572978845202
2024-12-08,-0.03931063066366119
2024-12-09,-0.04377351184145364
2024-12-10,-0.03239793457706169
2024-12-11,-0.07888822903933254
2024-12-12,-0.0795845956986713
2024-12-13,-0.09766151825832516
2024-12-14,-0.09955892280951224
2024-12-15,-0.0981355165110515
2024-12-16,-0.09150603481290423
2024-12-17,-0.11021739243394417
2024-12-18,-0.09600025499523336
2024-12-19,-0.08346976641912428
2024-12-20,-0.07300378906731657
2024-12-21,-0.08956722817697997
2024-12-22,-0.0785180147486484
2024-12-23,-0.07010293473994642
2024-12-24,-0.03493185027820032
2024-12-25,-0.03825585984509958
2024-12-26,-0.07601624421635933
2024-12-27,-0.053426146958862594
2024-12-28,-0.05318832305747805
2024-12-29,-0.055186422713229016
2024-12-30,-0.11410717263595632
2024-12-31,-0.13238391353587567
2025-01-01,-0.1308237539133232
2025-01-02,-0.12572175664580432
2025-01-03,-0.12007295054770113
2025-01-04,-0.12059795543868164
2025-01-05,-0.1809812667999816
2025-01-06,-0.17142497053576608
2025-01-07,-0.22441418514309228
2025-01-08,-0.23970189094433667
2025-01-09,-0.24575956578109978
2025-01-10,-0.23264996520845177
2025-01-11,-0.2185754120118317
2025-01-12,-0.2514855313386355
2025-01-13,-0.27212009062119774
2025-01-14,-0.28368338978487817
2025-01-15,-0.29004614542603196
2025-01-16,-0.27151450720126474
2025-01-17,-0.2927591751411525
2025-01-18,-0.28737252439799177
2025-01-19,-0.28775227015323934
2025-01-20,-0.32499150572076807
2025-01-21,-0.31700219915559785
2025-01-22,-0.3335271334231737
2025-01-23,-0.329151791179523
2025-01-24,-0.3245078503959882
2025-01-25,-0.33313381883675414
2025-01-26,-0.3306280987993387
2025-01-27,-0.31452934199069044
2025-01-28,-0.3178631388653194
2025-01-29,-0.32418896237370504
2025-01-30,-0.32559847515750234
2025-01-31,-0.31167721784604774
2025-02-01,-0.32302324729923076
2025-02-02,-0.3038600208491824
2025-02-03,-0.3059620279912091
2025-02-04,-0.28962094971660374
2025-02-05,-0.29055154296502644
2025-02-06,-0.29480915958863957
2025-02-07,-0.31457308293884223
2025-02-08,-0.3213691912505161
2025-02-09,-0.2649266044781925
2025-02-10,-0.2554275881577521
2025-02-11,-0.24923981894969646
2025-02-12,-0.23449976836745315
2025-02-13,-0.21750985713658177
2025-02-14,-0.2269384277079079
2025-02-15,-0.21811852127754963
2025-02-16,-0.2547390478758061
2025-02-17,-0.29672063831137874
2025-02-18,-0.291563746857027
2025-02-19,-0.28681340112389153
2025-02-20,-0.2912692764846035
2025-02-21,-0.28176215451131187
2025-02-22,-0.2622881497405606
2025-02-23,-0.26097774588992545
2025-02-24,-0.16875535395110505
2025-02-25,-0.1861155588885355
2025-02-26,-0.21977116842047825
2025-02-27,-0.22039939021988053
2025-02-28,-0.21878303436184776
2025-03-01,-0.2418379003714269
2025-03-02,-0.2152984837681088
2025-03-03,-0.1954274145754141
2025-03-04,-0.1588910174286492
2025-03-05,-0.13271114326577596
2025-03-06,-0.12688263275720782
2025-03-07,-0.1230371056616148
2025-03-08,-0.07017549194309303
2025-03-09,-0.06773353559384836
2025-03-10,-0.019371831323880383
2025-03-11,-0.007603080516839287
2025-03-12,-0.007405583847188871
2025-03-13,-0.0004352136881277912
2025-03-14,0.009569789694115542
2025-03-15,0.018893341061817094
2025-03-16,0.051739598341404715
2025-03-17,0.03510110422606804
2025-03-18,0.046660915010888815
2025-03-19,0.025945064571649284
2025-03-20,0.038509620138701635
2025-03-21,0.03825416158891177
2025-03-22,0.03316465147466958
2025-03-23,0.0551849825626439
2025-03-24,0.05187270281608149
2025-03-25,0.05265951460385889
2025-03-26,0.04169392736798774
2025-03-27,0.041491642246880456
2025-03-28,0.03336610246156967
2025-03-29,0.036282447839659275
2025-03-30,0.03886372204814956
2025-03-31,0.06470085816261283
2025-04-01,0.07729946972994892
2025-04-02,0.0678933071231649
2025-04-03,0.04376566588665882
2025-04-04,0.02499603250705836
2025-04-05,0.08837987328928847
2025-04-06,0.07934413480986545
2025-04-07,0.0861114848546806
2025-04-08,0.02715140416174963
2025-04-09,0.24660684461294072
2025-04-10,0.3025032135935068
2025-04-11,0.3143653556794897
2025-04-12,0.3107462062233102
2025-04-13,0.30824891600271404
2025-04-14,0.2864841948576016
2025-04-15,0.284312039963036
2025-04-16,0.2836279178594878
2025-04-17,0.2823598994433903
2025-04-18,0.28349601650622797
2025-04-19,0.28345572411904585
2025-04-20,0.28050384646019944
2025-04-21,0.2911888627344032
2025-04-22,0.28486599519605577
2025-04-23,0.2813316624573689
2025-04-24,0.28204740849493637
2025-04-25,0.26840030579827634
2025-04-26,0.26831466732824416
2025-04-27,0.2952498635091608
2025-04-28,0.29576282200390624
2025-04-29,0.29438035857640993
2025-04-30,0.2944265996184741
2025-05-01,0.307464973306836
2025-05-02,0.33485675674667903
2025-05-03,0.3343742613015938
2025-05-04,0.3257837577189167
2025-05-05,0.32312525655423385
2025-05-06,0.324004589281345
2025-05-07,0.32565334305668003
2025-05-08,0.28096074904512364
2025-05-09,0.2536450094266907
2025-05-10,0.23851511623393984
2025-05-11,0.2385793625862236
2025-05-12,0.16928406101416618
2025-05-13,0.17310698461030546
2025-05-14,0.1741860336980547
2025-05-15,0.18750898471151045
2025-05-16,0.18907424686485114
2025-05-17,0.18955499386991886
2025-05-18,0.2002856950411358
2025-05-19,0.19360854915713857
2025-05-20,0.19296162293566063
2025-05-21,0.1892592571678114
2025-05-22,0.18485598762834796
2025-05-23,0.1900065143685075
2025-05-24,0.18992740067675098
2025-05-25,0.19661608904892403
2025-05-26,0.1962146229134888
2025-05-27,0.17048175710433552
2025-05-28,0.16887088636750755
2025-05-29,0.16579470689581166
2025-05-30,0.16288686927533036
2025-05-31,0.1583010666603298
2025-06-01,0.16469485811633278
2025-06-02,0.1686004906909146
2025-06-03,0.16972743227792444
2025-06-04,0.1693404945453406
2025-06-05,0.19318331029235555
2025-06-06,0.18947104418043773
2025-06-07,0.24494930354739794
2025-06-08,0.1042369409191931
2025-06-09,0.0180888917840735
2025-06-10,0.020272891414874854
2025-06-11,0.02173448834098659
2025-06-12,0.006855608148753536
2025-06-13,0.03563093785559721
2025-06-14,0.040766730736105136
2025-06-15,0.04482586684342252
2025-06-16,0.04134995428700575
2025-06-17,0.05899035340569869
2025-06-18,0.05865531611764363
2025-06-19,0.0586509524348987
2025-06-20,0.10551321550391286
2025-06-21,0.09843627246889286
2025-06-22,0.1004991931371295
2025-06-23,-0.001989734349779774
2025-06-24,0.0025021497617008677
2025-06-25,-0.0005969739874091651
2025-06-26,-0.0014876380742711451
2025-06-27,-0.0016963218156634482
2025-06-28,-0.002139043489329694
2025-06-29,-0.0022342715633956807
2025-06-30,0.0030499638432450247
2025-07-01,-0.032394009200220744
2025-07-02,-0.03573685881970651
2025-07-03,-0.034809918504671335
2025-07-04,-0.03400833240235519
2025-07-05,-0.033671165479214636
2025-07-06,-0.032923228641052016
2025-07-07,-0.04029508737437026
2025-07-08,-0.03603460083510451
2025-07-09,-0.04711021132350617
2025-07-10,-0.05837886001278386
2025-07-11,-0.0476373227681593
2025-07-12,-0.06740257096488939
2025-07-13,-0.0665273071652955
2025-07-14,-0.10663149723839942
2025-07-15,-0.10748950156930118
2025-07-16,-0.12474684092617085
2025-07-17,-0.11164668321999317
2025-07-18,-0.11564718762253204
2025-07-19,-0.113180669805884
2025-07-20,-0.10984407752024258
2025-07-21,-0.10429379468668497
2025-07-22,-0.1156595067614381
2025-07-23,-0.13118109070484582
2025-07-24,-0.1273814916304618
2025-07-25,-0.12738632287185073
2025-07-26,-0.0922121596007877
2025-07-27,-0.09678843135866291
2025-07-28,-0.07546839565391311
2025-07-29,-0.07089352933585316
2025-07-30,-0.07118804297951775
2025-07-31,-0.07573288568175174
2025-08-01,0.07480195880878981
2025-08-02,0.0747184840306513
2025-08-03,0.07513799208483281
2025-08-04,-0.01084620478105757
2025-08-05,-0.00930471171461393
2025-08-06,-0.01836919021105521
2025-08-07,-0.003209919903895189
2025-08-08,-0.02805898322439206
2025-08-09,-0.043127284982390886
2025-08-10,-0.04231591641199987
2025-08-11,-0.029068455901658005
2025-08-12,-0.08398874852611518
2025-08-13,-0.09860840481487633
2025-08-14,-0.104644393393297
2025-08-15,-0.10259893687784932
2025-08-16,-0.13093821298764582
2025-08-17,-0.13006429393840852
2025-08-18,-0.14931595867515265
2025-08-19,-0.17935416217519368
2025-08-20,-0.16292216159624387
2025-08-21,-0.18029315459095138
2025-08-22,-0.24879155477703713
2025-08-23,-0.2573432873115124
2025-08-24,-0.2528815820185142
2025-08-25,-0.25972852036434274
2025-08-26,-0.2610947007532432
2025-08-27,-0.22119648355954116
2025-08-28,-0.22467000188195804
2025-08-29,-0.17961871270280244
2025-08-30,-0.14010431013584645
2025-08-31,-0.1453489765220891
2025-09-01,-0.1501374779039809
2025-09-02,-0.14426419008802205
2025-09-03,-0.1498614417690998
2025-09-04,-0.12208516133923154
2025-09-05,-0.07006475482454831
2025-09-06,-0.07810694179091149
2025-09-07,-0.08033191837285326
2025-09-08,-0.08536212912912423
2025-09-09,-0.08730898549801262
2025-09-10,-0.08637871136391968
2025-09-11,-0.08522047993968232
2025-09-12,-0.07705682218415932
2025-09-13,-0.08780737360208808
2025-09-14,-0.08929017022806329
2025-09-15,-0.08418317264807501
2025-09-16,-0.08338505812203323
2025-09-17,-0.09117659123499489
2025-09-18,-0.09994199221606523
2025-09-19,-0.10230352386983046
2025-09-20,-0.10051150707563285
2025-09-21,-0.08858546948697177
2025-09-22,-0.05153591165797083
2025-09-23,-0.053098168355846374
2025-09-24,-0.05534301337530177
2025-09-25,-0.11503573118843548
2025-09-26,-0.13340809686098945
2025-09-27,-0.13407642910248718
2025-09-28,-0.1297571360806894
2025-09-29,-0.11967921963384752
2025-09-30,-0.19221081155584063
2025-10-01,-0.17995926884993574
2025-10-02,-0.17743790948362992
2025-10-03,-0.1465870297769462
2025-10-04,-0.1468345388048504
2025-10-05,-0.1421428084624483
2025-10-06,-0.15284508719471937
2025-10-07,-0.13094249640252204
2025-10-08,-0.13963099445563243
2025-10-09,-0.15215377957996962
2025-10-10,-0.15224166233585326
2025-10-11,-0.1436491186690078
2025-10-12,-0.11118628998404448
2025-10-13,-0.10316390555927113
2025-10-14,-0.1035342042756095
2025-10-15,-0.110137365748115
2025-10-16,-0.11087926960061666
2025-10-17,-0.09239621914138323
2025-10-18,-0.10282542803429849
2025-10-19,-0.11729511331460504
2025-10-20,-0.10472364709167507
2025-10-21,0.01796463284250754
2025-10-22,0.015695634760701956
2025-10-23,0.01738889201505204
2025-10-24,0.030052123123859062
2025-10-25,0.030757068151139065
2025-10-26,0.025965219992363668
2025-10-27,0.033275121993585816
2025-10-28,0.004819632998664706
2025-10-29,-0.004665729427029762
2025-10-30,-0.027895191989730977
2025-10-31,-0.03806505491574737
2025-11-01,-0.03606691005306957
2025-11-02,-0.02744062734230871
2025-11-03,-0.17363262698824936
2025-11-04,-0.21352930660625066
2025-11-05,-0.21445576856082962
2025-11-06,-0.1925109176334595
2025-11-07,-0.19922219777179698
2025-11-08,-0.2034665009311804
2025-11-09,-0.19270521988365663
2025-11-10,-0.18970608004741815
2025-11-11,-0.19834024417185214
2025-11-12,-0.19835291074729064
2025-11-13,-0.21564242071862905
2025-11-14,-0.2235997673513731
2025-11-15,-0.22172243509309397
2025-11-16,-0.21176718650977164
2025-11-17,-0.20745024429246003
2025-11-18,-0.2044324350087871
2025-11-19,-0.2053548966292724
2025-11-20,-0.20860205495911482
2025-11-21,-0.23075698184463117
2025-11-22,-0.2303887160072926
2025-11-23,-0.23198033822701886
2025-11-24,-0.2032776884024324
2025-11-25,-0.18140115245668187
2025-11-26,-0.1598099908079635
2025-11-27,-0.16260210294048186
2025-11-28,-0.16791401262148117
2025-11-29,-0.17389984956756696
2025-11-30,-0.17994077897274371
2025-12-01,-0.18081652640571336
2025-12-02,-0.2129176574452748
2025-12-03,-0.2564509835378907
2025-12-04,-0.24942690272527523
2025-12-05,-0.2537949718779644
2025-12-06,-0.269120067704674
2025-12-07,-0.2706218234169379
2025-12-08,-0.24779696466464418
2025-12-09,-0.221228566041948
2025-12-10,-0.21591453346489853
2025-12-11,-0.22955779813151014
2025-12-12,-0.17947341897146013
2025-12-13,-0.17452484556333886
2025-12-14,-0.16992480220391126
2025-12-15,-0.1808300400675119
2025-12-16,-0.18434789427833354
2025-12-17,-0.18784091637170053
2025-12-18,-0.19321778876279241
2025-12-19,-0.18217827962051308
2025-12-20,-0.18680954030992772
2025-12-21,-0.18316198146042326
2025-12-22,-0.18342281147990697
2025-12-23,-0.17684168252644722
2025-12-24,-0.1776496903926461
2025-12-25,-0.1872158067285891
2025-12-26,-0.2007750921616858
2025-12-27,-0.19705507333406247
2025-12-28,-0.19249166003040188
2025-12-29,-0.18018232694527433
2025-12-30,-0.16807666215563843
2025-12-31,-0.1679090661990184
2026-01-01,-0.16770946148803456
2026-01-02,-0.039026168532952536
2026-01-03,0.002109939665723018
2026-01-04,0.003835812876997415
2026-01-05,-0.03455376238135455
2026-01-06,-0.024874080897687306
2026-01-07,-0.021539762176451913
2026-01-08,-0.0275014207943051
2026-01-09,-0.0283471429109974
2026-01-10,-0.021193666267307756
2026-01-11,-0.018813543946197577
2026-01-12,0.012987263650082853
2026-01-13,0.09454410845023264
2026-01-14,0.0933787005343808
2026-01-15,0.09295043888656138
2026-01-16,0.08472299503543422
2026-01-17,0.08177551352547807
2026-01-18,0.08593042485263218
2026-01-19,0.10220141293190912
2026-01-20,0.009862081604661382
2026-01-21,0.019326045383377115
2026-01-22,0.017248234804117992
2026-01-23,0.03217415400451552
2026-01-24,0.03174184240614242
2026-01-25,0.005822660522022577
2026-01-26,-0.00021171230357729573
